<?xml version="1.0" encoding="UTF-8"?>
<project-private xmlns="http://www.netbeans.org/ns/project-private/1">
    <editor-bookmarks xmlns="http://www.netbeans.org/ns/editor-bookmarks/2" lastBookmarkId="0"/>
    <open-files xmlns="http://www.netbeans.org/ns/projectui-open-files/2">
        <group name="Project">
            <file>file:/C:/Users/mohsy/3D%20Objects/CS162S21GID33/E-Pharmacy_Management_System/src/DAO/CompanyDAOImpl.java</file>
            <file>file:/C:/Users/mohsy/3D%20Objects/CS162S21GID33/E-Pharmacy_Management_System/src/main/ShiftSales.java</file>
            <file>file:/C:/Users/mohsy/3D%20Objects/CS162S21GID33/E-Pharmacy_Management_System/src/DAO/DrugDAOImpl.java</file>
            <file>file:/C:/Users/mohsy/3D%20Objects/CS162S21GID33/E-Pharmacy_Management_System/src/main/Company.java</file>
            <file>file:/C:/Users/mohsy/3D%20Objects/CS162S21GID33/E-Pharmacy_Management_System/src/DAO/DAO.java</file>
            <file>file:/C:/Users/mohsy/3D%20Objects/CS162S21GID33/E-Pharmacy_Management_System/src/domain/UserPojo.java</file>
            <file>file:/C:/Users/mohsy/3D%20Objects/CS162S21GID33/E-Pharmacy_Management_System/src/main/Pharmacy.java</file>
            <file>file:/C:/Users/mohsy/3D%20Objects/CS162S21GID33/E-Pharmacy_Management_System/src/DAO/PurchaseDAOImpl.java</file>
            <file>file:/C:/Users/mohsy/3D%20Objects/CS162S21GID33/E-Pharmacy_Management_System/src/main/WarningList.java</file>
            <file>file:/C:/Users/mohsy/3D%20Objects/CS162S21GID33/E-Pharmacy_Management_System/src/domain/DrugPojo.java</file>
            <file>file:/C:/Users/mohsy/3D%20Objects/CS162S21GID33/E-Pharmacy_Management_System/src/domain/PurchasePojo.java</file>
            <file>file:/C:/Users/mohsy/3D%20Objects/CS162S21GID33/E-Pharmacy_Management_System/src/DAO/UserDAOImpl.java</file>
            <file>file:/C:/Users/mohsy/3D%20Objects/CS162S21GID33/E-Pharmacy_Management_System/src/domain/CompanyPojo.java</file>
            <file>file:/C:/Users/mohsy/3D%20Objects/CS162S21GID33/E-Pharmacy_Management_System/src/main/Warning.java</file>
            <file>file:/C:/Users/mohsy/3D%20Objects/CS162S21GID33/E-Pharmacy_Management_System/src/main/ShowMessage.java</file>
        </group>
    </open-files>
</project-private>
